{
    "basicInfo": {
        "app_version": "2.0.13.4",
        "center": [
            55.80296604,
            37.51366315
        ],
        "created_by": "ГУП «Мосгортранс»",
        "description": "",
	"route_id": "123",
        "extId": "",
        "finish_ts": 1649322000,
        "id": "597",
        "name": "597",
        "route_dir": 0,
        "start_ts": 1618946339,
        "transport": "А",
        "transportcode": 100,
        "tripid": "12345678",
        "updated_ts": 1618946434,
        "valid": true,
        "version": 100
    },
    "betweenStops": [
        {
            "audioIn": [
            ],
            "audioOut": [
            ],
            "broadCastType": -1,
            "displayContent": "",
            "markId": -1,
            "name": "Набережная Новикова-Прибоя - Набережная Новикова-Прибоя, 10"
        },
        {
            "audioIn": [
            ],
            "audioOut": [
            ],
            "broadCastType": -1,
            "displayContent": "",
            "markId": -1,
            "name": "Набережная Новикова-Прибоя, 10 - Набережная Новикова-Прибоя, 4"
        },
        {
            "audioIn": [
            ],
            "audioOut": [
            ],
            "broadCastType": -1,
            "displayContent": "",
            "markId": -1,
            "name": "Набережная Новикова-Прибоя, 4 - Хорошевский мост"
        },
        {
            "audioIn": [
            ],
            "audioOut": [
            ],
            "broadCastType": -1,
            "displayContent": "",
            "markId": -1,
            "name": "Хорошевский мост - Живописная ул. - Храм Живоначальной Троицы"
        },
        {
            "audioIn": [
            ],
            "audioOut": [
            ],
            "broadCastType": -1,
            "displayContent": "",
            "markId": -1,
            "name": "Живописная ул. - Храм Живоначальной Троицы - Просп. Марш. Жукова, 59"
        },
        {
            "audioIn": [
            ],
            "audioOut": [
            ],
            "broadCastType": -1,
            "displayContent": "",
            "markId": -1,
            "name": "Просп. Марш. Жукова, 59 - Ул. Ген. Глаголева"
        },
        {
            "audioIn": [
            ],
            "audioOut": [
            ],
            "broadCastType": -1,
            "displayContent": "",
            "markId": -1,
            "name": "Ул. Ген. Глаголева - Бульв. Ген. Карбышева"
        },
        {
            "audioIn": [
            ],
            "audioOut": [
            ],
            "broadCastType": -1,
            "displayContent": "",
            "markId": -1,
            "name": "Бульв. Ген. Карбышева - Метро \"Народное Ополчение\""
        },
        {
            "audioIn": [
            ],
            "audioOut": [
            ],
            "broadCastType": -1,
            "displayContent": "",
            "markId": -1,
            "name": "Метро \"Народное Ополчение\" - Ул. Демьяна Бедного"
        },
        {
            "audioIn": [
            ],
            "audioOut": [
            ],
            "broadCastType": -1,
            "displayContent": "",
            "markId": -1,
            "name": "Ул. Демьяна Бедного - Просп. Марш. Жукова, 14"
        },
        {
            "audioIn": [
            ],
            "audioOut": [
            ],
            "broadCastType": -1,
            "displayContent": "",
            "markId": -1,
            "name": "Просп. Марш. Жукова, 14 - Сквер Марш. Жукова"
        },
        {
            "audioIn": [
            ],
            "audioOut": [
            ],
            "broadCastType": -1,
            "displayContent": "",
            "markId": -1,
            "name": "Сквер Марш. Жукова - Ст. Хорошёво"
        },
        {
            "audioIn": [
            ],
            "audioOut": [
            ],
            "broadCastType": -1,
            "displayContent": "",
            "markId": -1,
            "name": "Ст. Хорошёво - Ул. Зорге"
        },
        {
            "audioIn": [
            ],
            "audioOut": [
            ],
            "broadCastType": -1,
            "displayContent": "",
            "markId": -1,
            "name": "Ул. Зорге - Метро \"Полежаевская\" (выс., пос.)"
        },
        {
            "audioIn": [
            ],
            "audioOut": [
            ],
            "broadCastType": -1,
            "displayContent": "",
            "markId": -1,
            "name": "Метро \"Полежаевская\" (выс., пос.) - Ул. Зорге, 10"
        },
        {
            "audioIn": [
            ],
            "audioOut": [
            ],
            "broadCastType": -1,
            "displayContent": "",
            "markId": -1,
            "name": "Ул. Зорге, 10 - Ул. Зорге, 14"
        },
        {
            "audioIn": [
            ],
            "audioOut": [
            ],
            "broadCastType": -1,
            "displayContent": "",
            "markId": -1,
            "name": "Ул. Зорге, 14 - Ст. Зорге"
        },
        {
            "audioIn": [
            ],
            "audioOut": [
            ],
            "broadCastType": -1,
            "displayContent": "",
            "markId": -1,
            "name": "Ст. Зорге - Ул. Сальвадора Альенде"
        },
        {
            "audioIn": [
            ],
            "audioOut": [
            ],
            "broadCastType": -1,
            "displayContent": "",
            "markId": -1,
            "name": "Ул. Сальвадора Альенде - Ул. Левитана"
        },
        {
            "audioIn": [
            ],
            "audioOut": [
            ],
            "broadCastType": -1,
            "displayContent": "",
            "markId": -1,
            "name": "Ул. Левитана - Метро \"Сокол\" (выс.)"
        }
    ],
    "geometry": [
        37.44828760090877,
        55.78908037149794,
        37.448240641349685,
        55.78898649552872,
        37.448261512261126,
        55.78841150029025,
        37.44824585908597,
        55.787936242718814,
        37.44825107682223,
        55.78726735187527,
        37.44825107682226,
        55.78628453089338,
        37.448240641383336,
        55.78531928854313,
        37.4482335607442,
        55.78345482639206,
        37.44822016761006,
        55.78241173343078,
        37.44820007789818,
        55.78148535308929,
        37.44826034701248,
        55.78104851569688,
        37.44846124402409,
        55.78052882345254,
        37.44860856849931,
        55.780223783471286,
        37.44873580328411,
        55.779978996575366,
        37.44899027281065,
        55.77961369634501,
        37.44931840458551,
        55.779504482213376,
        37.44963314324784,
        55.77945552405228,
        37.450135385766146,
        55.77927475492467,
        37.45058405574804,
        55.779101517063204,
        37.45102602915205,
        55.77887555347597,
        37.45137425063891,
        55.77873620861305,
        37.451863100023076,
        55.77862322592105,
        37.45245239790228,
        55.77856296835138,
        37.45341670353659,
        55.778604395440546,
        37.454427885151034,
        55.77857803275253,
        37.45532522511476,
        55.778453751268856,
        37.45676498699913,
        55.77825414685044,
        37.457401160858524,
        55.77818259029841,
        37.45805451837157,
        55.77810897277099,
        37.45872669879458,
        55.778030665689805,
        37.45926924439854,
        55.77794695794596,
        37.46030279442559,
        55.777773577661385,
        37.46134672914445,
        55.77756897705461,
        37.462857271046914,
        55.77723983468972,
        37.46424918401394,
        55.7769507208606,
        37.46643195663572,
        55.77662602124021,
        37.46792668134512,
        55.776412518636334,
        37.47003007642809,
        55.77601388175429,
        37.4711634165464,
        55.775676851514554,
        37.47354733884538,
        55.77535447203069,
        37.475397158341025,
        55.77506872436156,
        37.47643931017228,
        55.77509070502087,
        37.47699946679279,
        55.775149320067534,
        37.477377246818264,
        55.7751786275578,
        37.4780155648277,
        55.77524456933032,
        37.47858874832545,
        55.77526654989635,
        37.47946155048069,
        55.77530318414556,
        37.48034737953407,
        55.775332491520125,
        37.48096746938026,
        55.77534987537976,
        37.48617095770709,
        55.77550136986728,
        37.48831726053527,
        55.775601623509985,
        37.4897142630621,
        55.77567779702639,
        37.4942737114813,
        55.77584357584199,
        37.49582900700304,
        55.77592422628222,
        37.50021913194462,
        55.776048303564366,
        37.50222667651133,
        55.77614756510065,
        37.503417966707644,
        55.77619099194543,
        37.50703595913862,
        55.777053314966224,
        37.50885598580123,
        55.777468960254396,
        37.51035612899827,
        55.77777293684005,
        37.51097383503517,
        55.777841176151995,
        37.51165772384405,
        55.77784737972032,
        37.512440886837396,
        55.77779154757471,
        37.514371218149535,
        55.77756821817734,
        37.51576841042046,
        55.777407281734796,
        37.51588258226144,
        55.77712888268408,
        37.51593890865635,
        55.77693428433475,
        37.516086430133896,
        55.776869418005624,
        37.5168428130672,
        55.77677739814801,
        37.5172531910427,
        55.776751753226485,
        37.51777622180808,
        55.776809077144804,
        37.51797738748445,
        55.77685734984868,
        37.51787278135214,
        55.77716961244526,
        37.517714531021,
        55.7771786634932,
        37.517604560461876,
        55.77731593753379,
        37.51504872814732,
        55.77760743534402,
        37.51363300373234,
        55.77778532448773,
        37.51362509514851,
        55.77799437176865,
        37.513372020058995,
        55.7785014179473,
        37.51259706326837,
        55.77999140820748,
        37.5119564669607,
        55.781223366875935,
        37.51046174225124,
        55.78415856270429,
        37.509370355978575,
        55.78624419625737,
        37.5083992031079,
        55.78811218375948,
        37.507393641054534,
        55.79007889119106,
        37.506198998982086,
        55.792233940600745,
        37.505588786117556,
        55.793209955129356,
        37.50452306227271,
        55.79473674070716,
        37.503371392896696,
        55.79631661085612,
        37.502675234556335,
        55.797389146721095,
        37.502159561701404,
        55.79820077585672,
        37.502386948387624,
        55.79834472154168,
        37.502647834797074,
        55.798564690123456,
        37.50268435888367,
        55.798626281100276,
        37.50324787345832,
        55.799031019403216,
        37.503837476680644,
        55.79945921621707,
        37.50439577355263,
        55.799840483388735,
        37.505288005040825,
        55.800347856227724,
        37.50589847914091,
        55.80073204743661,
        37.506310679633,
        55.801025320618635,
        37.50664461421567,
        55.80127166838296,
        37.507802949782445,
        55.801400707071025,
        37.5104431199926,
        55.80166758117789,
        37.512117711841626,
        55.80182868242209,
        37.51305380277867,
        55.80190858272217,
        37.513271061700806,
        55.801982452655515,
        37.51339698731127,
        55.80205417006937,
        37.51372914836628,
        55.80256090315851,
        37.513926863267244,
        55.80279648734838,
        37.513966406237216,
        55.802885386674916,
        37.51399804062342,
        55.80296095094289
    ],
    "marks": [
    ],
    "stops": [
        {
            "audio": {
                "curr": [
                ],
                "next": [
                    "597 обратное.mp3",
                    "Следующая остановка.mp3",
                    "Набережная Новикова-Прибоя 10.mp3"
                ],
                "out_curr": [
                ],
                "out_curr_rep": 1
            },
            "eng_text": "",
            "geometry": [
                37.44838373,
                55.78887996
            ],
            "id": "1001393",
            "name": "Набережная Новикова-Прибоя",
            "zones": {
                "enter": {
                },
                "exit": {
                },
                "stop": {
                }
            }
        },
        {
            "audio": {
                "curr": [
                    "Остановка.mp3",
                    "Набережная Новикова-Прибоя 10.mp3"
                ],
                "next": [
                    "Следующая остановка.mp3",
                    "Набережная Новикова-Прибоя, 4.mp3"
                ],
                "out_curr": [
                ],
                "out_curr_rep": 1
            },
            "eng_text": "",
            "geometry": [
                37.44812122,
                55.78368224
            ],
            "id": "1001391",
            "name": "Набережная Новикова-Прибоя, 10",
            "zones": {
                "enter": {
                },
                "exit": {
                },
                "stop": {
                }
            }
        },
        {
            "audio": {
                "curr": [
                    "Для-удобства-оплаты-проезда.mp3",
                    "Остановка.mp3",
                    "Набережная Новикова-Прибоя 4.mp3"
                ],
                "next": [
                    "Следующая остановка.mp3",
                    "Хорошевский мост.mp3"
                ],
                "out_curr": [
                ],
                "out_curr_rep": 1
            },
            "eng_text": "",
            "geometry": [
                37.44812752,
                55.78142553
            ],
            "id": "1002116",
            "name": "Набережная Новикова-Прибоя, 4",
            "zones": {
                "enter": {
                },
                "exit": {
                },
                "stop": {
                }
            }
        },
        {
            "audio": {
                "curr": [
                    "Остановка.mp3",
                    "Хорошевский мост.mp3"
                ],
                "next": [
                    "Следующая остановка.mp3",
                    "Живописная улица - Храм Живоначальной Троицы.mp3"
                ],
                "out_curr": [
                ],
                "out_curr_rep": 1
            },
            "eng_text": "",
            "geometry": [
                37.45007386,
                55.77921355
            ],
            "id": "766",
            "name": "Хорошевский мост",
            "zones": {
                "enter": {
                },
                "exit": {
                },
                "stop": {
                }
            }
        },
        {
            "audio": {
                "curr": [
                    "Остановка.mp3",
                    "Живописная улица - Храм Живоначальной Троицы.mp3"
                ],
                "next": [
                    "Следующая остановка.mp3",
                    "Проспект  Маршала Жукова 59.mp3"
                ],
                "out_curr": [
                ],
                "out_curr_rep": 1
            },
            "eng_text": "",
            "geometry": [
                37.45582978,
                55.77827482
            ],
            "id": "14020",
            "name": "Живописная ул. - Храм Живоначальной Троицы",
            "zones": {
                "enter": {
                },
                "exit": {
                },
                "stop": {
                }
            }
        },
        {
            "audio": {
                "curr": [
                    "Не храните билеты.mp3",
                    "Остановка.mp3",
                    "Проспект  Маршала Жукова 59.mp3"
                ],
                "next": [
                    "Следующая остановка.mp3",
                    "Улица Генерала  Глаголева.mp3"
                ],
                "out_curr": [
                ],
                "out_curr_rep": 1
            },
            "eng_text": "",
            "geometry": [
                37.45806686,
                55.7779766
            ],
            "id": "16431",
            "name": "Просп. Марш. Жукова, 59",
            "zones": {
                "enter": {
                },
                "exit": {
                },
                "stop": {
                }
            }
        },
        {
            "audio": {
                "curr": [
                    "Остановка.mp3",
                    "Улица Генерала  Глаголева.mp3"
                ],
                "next": [
                    "Следующая остановка.mp3",
                    "Бульвар  Генерала Карбышева.mp3"
                ],
                "out_curr": [
                ],
                "out_curr_rep": 1
            },
            "eng_text": "",
            "geometry": [
                37.46101272,
                55.77746203
            ],
            "id": "1095",
            "name": "Ул. Ген. Глаголева",
            "zones": {
                "enter": {
                },
                "exit": {
                },
                "stop": {
                }
            }
        },
        {
            "audio": {
                "curr": [
                    "Во избежании травм.mp3",
                    "Остановка.mp3",
                    "Бульвар  Генерала Карбышева.mp3"
                ],
                "next": [
                    "Следующая остановка.mp3",
                    "Метро народное ополчение.mp3"
                ],
                "out_curr": [
                ],
                "out_curr_rep": 1
            },
            "eng_text": "",
            "geometry": [
                37.46776481,
                55.776336
            ],
            "id": "1096",
            "name": "Бульв. Ген. Карбышева",
            "zones": {
                "enter": {
                },
                "exit": {
                },
                "stop": {
                }
            }
        },
        {
            "audio": {
                "curr": [
                    "Не забывайте вещи.mp3",
                    "Остановка.mp3",
                    "Метро народное ополчение.mp3"
                ],
                "next": [
                    "Следующая остановка.mp3",
                    "Улица  Демьяна Бедного.mp3"
                ],
                "out_curr": [
                ],
                "out_curr_rep": 1
            },
            "eng_text": "",
            "geometry": [
                37.48493235,
                55.77536309
            ],
            "id": "768",
            "name": "Метро \"Народное Ополчение\"",
            "zones": {
                "enter": {
                },
                "exit": {
                },
                "stop": {
                }
            }
        },
        {
            "audio": {
                "curr": [
                    "Остановка.mp3",
                    "Улица  Демьяна Бедного.mp3"
                ],
                "next": [
                    "Следующая остановка.mp3",
                    "Проспект Маршала Жукова 14.mp3"
                ],
                "out_curr": [
                ],
                "out_curr_rep": 1
            },
            "eng_text": "",
            "geometry": [
                37.48908221,
                55.7755565
            ],
            "id": "828",
            "name": "Ул. Демьяна Бедного",
            "zones": {
                "enter": {
                },
                "exit": {
                },
                "stop": {
                }
            }
        },
        {
            "audio": {
                "curr": [
                    "Остановка.mp3",
                    "Проспект Маршала Жукова 14.mp3"
                ],
                "next": [
                    "Следующая остановка.mp3",
                    "Сквер Маршала Жукова.mp3"
                ],
                "out_curr": [
                ],
                "out_curr_rep": 1
            },
            "eng_text": "",
            "geometry": [
                37.49558959,
                55.77574713
            ],
            "id": "1661",
            "name": "Просп. Марш. Жукова, 14",
            "zones": {
                "enter": {
                },
                "exit": {
                },
                "stop": {
                }
            }
        },
        {
            "audio": {
                "curr": [
                    "Wi-Fi в Автобусе.mp3",
                    "Остановка.mp3",
                    "Сквер Маршала Жукова.mp3"
                ],
                "next": [
                    "Следующая остановка.mp3",
                    "Ст. Хорошёво.mp3"
                ],
                "out_curr": [
                ],
                "out_curr_rep": 1
            },
            "eng_text": "",
            "geometry": [
                37.50060449,
                55.77597434
            ],
            "id": "1724",
            "name": "Сквер Марш. Жукова",
            "zones": {
                "enter": {
                },
                "exit": {
                },
                "stop": {
                }
            }
        },
        {
            "audio": {
                "curr": [
                    "Остановка.mp3",
                    "Ст. Хорошёво.mp3"
                ],
                "next": [
                    "Следующая остановка.mp3",
                    "Улица  Зорге.mp3"
                ],
                "out_curr": [
                ],
                "out_curr_rep": 1
            },
            "eng_text": "",
            "geometry": [
                37.50644498,
                55.77678255
            ],
            "id": "1001333",
            "name": "Ст. Хорошёво",
            "zones": {
                "enter": {
                },
                "exit": {
                },
                "stop": {
                }
            }
        },
        {
            "audio": {
                "curr": [
                    "Будте внимательны уступайте место.mp3",
                    "Остановка.mp3",
                    "Улица  Зорге.mp3"
                ],
                "next": [
                    "Следующая остановка.mp3",
                    "Метро Полежаевская.mp3"
                ],
                "out_curr": [
                ],
                "out_curr_rep": 1
            },
            "eng_text": "",
            "geometry": [
                37.51142882,
                55.77775786
            ],
            "id": "1793",
            "name": "Ул. Зорге",
            "zones": {
                "enter": {
                },
                "exit": {
                },
                "stop": {
                }
            }
        },
        {
            "audio": {
                "curr": [
                    "Остановка.mp3",
                    "Метро Полежаевская.mp3"
                ],
                "next": [
                    "Следующая остановка.mp3",
                    "зорге 10.mp3"
                ],
                "out_curr": [
                ],
                "out_curr_rep": 1
            },
            "eng_text": "",
            "geometry": [
                37.51658261,
                55.77685428
            ],
            "id": "1735",
            "name": "Метро \"Полежаевская\" (выс., пос.)",
            "zones": {
                "enter": {
                },
                "exit": {
                },
                "stop": {
                }
            }
        },
        {
            "audio": {
                "curr": [
                    "Остановка.mp3",
                    "зорге 10.mp3"
                ],
                "next": [
                    "Следующая остановка.mp3",
                    "зорге 14.mp3"
                ],
                "out_curr": [
                ],
                "out_curr_rep": 1
            },
            "eng_text": "",
            "geometry": [
                37.51225733,
                55.78102958
            ],
            "id": "1002117",
            "name": "Ул. Зорге, 10",
            "zones": {
                "enter": {
                },
                "exit": {
                },
                "stop": {
                }
            }
        },
        {
            "audio": {
                "curr": [
                    "Не забывайте вещи.mp3",
                    "Остановка.mp3",
                    "зорге 14.mp3"
                ],
                "next": [
                    "Следующая остановка.mp3",
                    "Станция Зорге.mp3"
                ],
                "out_curr": [
                ],
                "out_curr_rep": 1
            },
            "eng_text": "",
            "geometry": [
                37.51065383,
                55.78411228
            ],
            "id": "1002118",
            "name": "Ул. Зорге, 14",
            "zones": {
                "enter": {
                },
                "exit": {
                },
                "stop": {
                }
            }
        },
        {
            "audio": {
                "curr": [
                    "Остановка.mp3",
                    "Станция Зорге.mp3"
                ],
                "next": [
                    "Следующая остановка.mp3",
                    "Улица  Сальвадора Альенде.mp3"
                ],
                "out_curr": [
                ],
                "out_curr_rep": 1
            },
            "eng_text": "",
            "geometry": [
                37.50782492,
                55.78942828
            ],
            "id": "1001628",
            "name": "Ст. Зорге",
            "zones": {
                "enter": {
                },
                "exit": {
                },
                "stop": {
                }
            }
        },
        {
            "audio": {
                "curr": [
                    "Соблюдайте чистоту в салоне.mp3",
                    "Остановка.mp3",
                    "Улица  Сальвадора Альенде.mp3"
                ],
                "next": [
                    "Следующая остановка.mp3",
                    "Улица  Левитана.mp3"
                ],
                "out_curr": [
                ],
                "out_curr_rep": 1
            },
            "eng_text": "",
            "geometry": [
                37.50490697,
                55.79434194
            ],
            "id": "1001648",
            "name": "Ул. Сальвадора Альенде",
            "zones": {
                "enter": {
                },
                "exit": {
                },
                "stop": {
                }
            }
        },
        {
            "audio": {
                "curr": [
                    "Остановка.mp3",
                    "Улица  Левитана.mp3"
                ],
                "next": [
                    "Следующая остановка.mp3",
                    "Метро Сокол.mp3"
                ],
                "out_curr": [
                ],
                "out_curr_rep": 1
            },
            "eng_text": "",
            "geometry": [
                37.50534398,
                55.80022845
            ],
            "id": "980",
            "name": "Ул. Левитана",
            "zones": {
                "enter": {
                },
                "exit": {
                },
                "stop": {
                }
            }
        },
        {
            "audio": {
                "curr": [
                    "Остановка.mp3",
                    "Прибыл на конечную.mp3",
                    "Метро Сокол.mp3"
                ],
                "next": [
                ],
                "out_curr": [
                ],
                "out_curr_rep": 1
            },
            "eng_text": "",
            "geometry": [
                37.51401058,
                55.80276912
            ],
            "id": "11286",
            "name": "Метро \"Сокол\" (выс.)",
            "zones": {
                "enter": {
                },
                "exit": {
                },
                "stop": {
                }
            }
        }
    ]
}
