{
    "basicInfo": {
        "app_version": "2.0.13.4",
        "center": [
            55.80296604,
            37.51366315
        ],
        "created_by": "ГУП «Мосгортранс»",
        "description": "",
	"route_id": "123",
        "extId": "",
        "finish_ts": 1649322000,
        "id": "597",
        "name": "597",
        "route_dir": 1,
        "start_ts": 1618946339,
        "transport": "А",
        "transportcode": 100,
        "tripid": "123456",
        "updated_ts": 1618946434,
        "valid": true,
        "version": 100
    },
    "betweenStops": [
        {
            "audioIn": [
            ],
            "audioOut": [
            ],
            "broadCastType": -1,
            "displayContent": "",
            "markId": -1,
            "name": "Метро \"Сокол\" (пос.) - Ул. Алабяна"
        },
        {
            "audioIn": [
            ],
            "audioOut": [
            ],
            "broadCastType": -1,
            "displayContent": "",
            "markId": -1,
            "name": "Ул. Алабяна - Ул. Алабяна"
        },
        {
            "audioIn": [
            ],
            "audioOut": [
            ],
            "broadCastType": -1,
            "displayContent": "",
            "markId": -1,
            "name": "Ул. Алабяна - Ул. Левитана"
        },
        {
            "audioIn": [
            ],
            "audioOut": [
            ],
            "broadCastType": -1,
            "displayContent": "",
            "markId": -1,
            "name": "Ул. Левитана - Ул. Сальвадора Альенде"
        },
        {
            "audioIn": [
            ],
            "audioOut": [
            ],
            "broadCastType": -1,
            "displayContent": "",
            "markId": -1,
            "name": "Ул. Сальвадора Альенде - Ст. Зорге"
        },
        {
            "audioIn": [
            ],
            "audioOut": [
            ],
            "broadCastType": -1,
            "displayContent": "",
            "markId": -1,
            "name": "Ст. Зорге - МФЦ Хорошевский"
        },
        {
            "audioIn": [
            ],
            "audioOut": [
            ],
            "broadCastType": -1,
            "displayContent": "",
            "markId": -1,
            "name": "МФЦ Хорошевский - Ул. Куусинена, 13"
        },
        {
            "audioIn": [
            ],
            "audioOut": [
            ],
            "broadCastType": -1,
            "displayContent": "",
            "markId": -1,
            "name": "Ул. Куусинена, 13 - Ул. Куусинена, 9"
        },
        {
            "audioIn": [
            ],
            "audioOut": [
            ],
            "broadCastType": -1,
            "displayContent": "",
            "markId": -1,
            "name": "Ул. Куусинена, 9 - Метро \"Полежаевская\""
        },
        {
            "audioIn": [
            ],
            "audioOut": [
            ],
            "broadCastType": -1,
            "displayContent": "",
            "markId": -1,
            "name": "Метро \"Полежаевская\" - Ул. Зорге"
        },
        {
            "audioIn": [
            ],
            "audioOut": [
            ],
            "broadCastType": -1,
            "displayContent": "",
            "markId": -1,
            "name": "Ул. Зорге - Ст. Хорошёво"
        },
        {
            "audioIn": [
            ],
            "audioOut": [
            ],
            "broadCastType": -1,
            "displayContent": "",
            "markId": -1,
            "name": "Ст. Хорошёво - Сквер Марш. Жукова"
        },
        {
            "audioIn": [
            ],
            "audioOut": [
            ],
            "broadCastType": -1,
            "displayContent": "",
            "markId": -1,
            "name": "Сквер Марш. Жукова - Просп. Марш. Жукова, 14"
        },
        {
            "audioIn": [
            ],
            "audioOut": [
            ],
            "broadCastType": -1,
            "displayContent": "",
            "markId": -1,
            "name": "Просп. Марш. Жукова, 14 - Ул. Демьяна Бедного"
        },
        {
            "audioIn": [
            ],
            "audioOut": [
            ],
            "broadCastType": -1,
            "displayContent": "",
            "markId": -1,
            "name": "Ул. Демьяна Бедного - Метро \"Народное Ополчение\""
        },
        {
            "audioIn": [
            ],
            "audioOut": [
            ],
            "broadCastType": -1,
            "displayContent": "",
            "markId": -1,
            "name": "Метро \"Народное Ополчение\" - Метро \"Народное Ополчение\""
        },
        {
            "audioIn": [
            ],
            "audioOut": [
            ],
            "broadCastType": -1,
            "displayContent": "",
            "markId": -1,
            "name": "Метро \"Народное Ополчение\" - Ул. Народного Ополчения"
        },
        {
            "audioIn": [
            ],
            "audioOut": [
            ],
            "broadCastType": -1,
            "displayContent": "",
            "markId": -1,
            "name": "Ул. Народного Ополчения - Бульв. Ген. Карбышева"
        },
        {
            "audioIn": [
            ],
            "audioOut": [
            ],
            "broadCastType": -1,
            "displayContent": "",
            "markId": -1,
            "name": "Бульв. Ген. Карбышева - Ул. Ген. Глаголева"
        },
        {
            "audioIn": [
            ],
            "audioOut": [
            ],
            "broadCastType": -1,
            "displayContent": "",
            "markId": -1,
            "name": "Ул. Ген. Глаголева - Живописная ул. - Храм Живоначальной Троицы"
        },
        {
            "audioIn": [
            ],
            "audioOut": [
            ],
            "broadCastType": -1,
            "displayContent": "",
            "markId": -1,
            "name": "Живописная ул. - Храм Живоначальной Троицы - Набережная Новикова-Прибоя, 4"
        },
        {
            "audioIn": [
            ],
            "audioOut": [
            ],
            "broadCastType": -1,
            "displayContent": "",
            "markId": -1,
            "name": "Набережная Новикова-Прибоя, 4 - Набережная Новикова-Прибоя, 10"
        },
        {
            "audioIn": [
            ],
            "audioOut": [
            ],
            "broadCastType": -1,
            "displayContent": "",
            "markId": -1,
            "name": "Набережная Новикова-Прибоя, 10 - Набережная Новикова-Прибоя"
        }
    ],
    "geometry": [
        37.513651080048334,
        55.80292835222197,
        37.513044900823246,
        55.80308664063679,
        37.5129563879367,
        55.8031152832307,
        37.51287860386921,
        55.80303237039645,
        37.512889332688246,
        55.802932874764245,
        37.51300090725985,
        55.80286787531674,
        37.51322997325374,
        55.80281227365115,
        37.51352769843953,
        55.80273086769348,
        37.51371813529681,
        55.80268865712739,
        37.513777143887836,
        55.80266604429802,
        37.51370204201646,
        55.80253187462409,
        37.5134230922726,
        55.80207810632842,
        37.51320583335047,
        55.8019575025676,
        37.51288446897385,
        55.801886214897856,
        37.509784299678415,
        55.80161625394288,
        37.50789217757722,
        55.80143627892866,
        37.50761563664784,
        55.80141173681681,
        37.50745553402797,
        55.80146082102504,
        37.507397314885,
        55.80152626653976,
        37.50736820531347,
        55.80168169918978,
        37.507746629719634,
        55.80204164611098,
        37.50834337593557,
        55.802696086532116,
        37.50902745084261,
        55.80343231885231,
        37.509338248905806,
        55.80381871152906,
        37.50932605250617,
        55.803916962457684,
        37.50927488220046,
        55.803980393874554,
        37.50902927328232,
        55.80404034699087,
        37.508805672508714,
        55.80399693396005,
        37.50850347857886,
        55.80366954630062,
        37.508154163720775,
        55.803235991596175,
        37.506887897383564,
        55.801837131225895,
        37.50643669904858,
        55.80140355610941,
        37.50619790482682,
        55.80116036357093,
        37.505354137399536,
        55.800603299902775,
        37.50459072877692,
        55.80013656474343,
        37.50409518281495,
        55.79987308275609,
        37.50373356821558,
        55.79971499270061,
        37.50305051837606,
        55.799474092340326,
        37.50266211750841,
        55.79927835970133,
        37.50177817067882,
        55.79885677836096,
        37.501433723326016,
        55.79867567002198,
        37.50114806802455,
        55.798682223799496,
        37.50056218316638,
        55.79878053032475,
        37.50031733577583,
        55.798824768179855,
        37.500084147766984,
        55.79878544564738,
        37.499958809216935,
        55.79870024667938,
        37.50033171221665,
        55.79825451139516,
        37.500586181764675,
        55.797930789048365,
        37.50080047191042,
        55.79773504865179,
        37.50101476203463,
        55.797644706595655,
        37.50144334232607,
        55.79774257714095,
        37.50193888826658,
        55.798043715750104,
        37.50213978527819,
        55.798171698956416,
        37.50248800676505,
        55.79766729212934,
        37.503130877180695,
        55.796696102370454,
        37.50368439709237,
        55.79588804927693,
        37.50437455210255,
        55.79494583567184,
        37.504805898964065,
        55.79430844295575,
        37.50559984210341,
        55.793182015169826,
        37.50589205672122,
        55.792727832908966,
        37.50632178410035,
        55.79197407192645,
        37.50723280611638,
        55.790292552557844,
        37.507868802609835,
        55.78911351293046,
        37.50864231183692,
        55.78758650692369,
        37.50893452645471,
        55.78706460507502,
        37.5108081377723,
        55.787344886567226,
        37.512269210833665,
        55.78760583648808,
        37.51311147646905,
        55.785924128543726,
        37.51469287322428,
        55.78292780232132,
        37.51608518990503,
        55.78035657740617,
        37.51668680823576,
        55.77918690391082,
        37.517563452061495,
        55.777446828801295,
        37.51744312839534,
        55.7773598230039,
        37.51699621192108,
        55.77736949032433,
        37.51618832447599,
        55.777475830690584,
        37.51367871663729,
        55.77776584838867,
        37.512698938212935,
        55.77787218766562,
        37.51218326538569,
        55.77795919231912,
        37.51163321434041,
        55.777997860991654,
        37.51068781413403,
        55.77793985796845,
        37.509209551977506,
        55.77766917605987,
        37.50694059147111,
        55.77715680872129,
        37.50506698012583,
        55.7767024395977,
        37.50381217623416,
        55.77642208154906,
        37.50324493609372,
        55.776277067965836,
        37.50228234679216,
        55.776219062381465,
        37.49824290951145,
        55.77607404805061,
        37.493962824926115,
        55.775909697814534,
        37.49107505699379,
        55.77579368546589,
        37.48968845277443,
        55.77579141134886,
        37.488909461481086,
        55.775753179225774,
        37.48824306489061,
        55.77571153434563,
        37.48700406079348,
        55.775661560436134,
        37.485523179456635,
        55.77560325746517,
        37.484481626212926,
        55.77556438876643,
        37.482507117710725,
        55.77550608565013,
        37.481608716343686,
        55.775478322228636,
        37.48045856514648,
        55.77546444051493,
        37.479481183438054,
        55.775447782446605,
        37.478734490135906,
        55.77545055878734,
        37.477668255559365,
        55.77548942759962,
        37.47711045692236,
        55.77553662539542,
        37.4756591931658,
        55.77569210005962,
        37.47413388531541,
        55.7759058767269,
        37.47330952801042,
        55.77604191580643,
        37.47175181314972,
        55.77629277450314,
        37.470178974348016,
        55.77655119749623,
        37.46706076352882,
        55.77703999771938,
        37.46341783111589,
        55.777597398454326,
        37.46093057736414,
        55.77801920993042,
        37.458251950607035,
        55.778441016840944,
        37.45503759848566,
        55.77899086541872,
        37.45285451766901,
        55.779262020765,
        37.45116698281444,
        55.779503046154844,
        37.45046799674239,
        55.77957502812251,
        37.44961336736287,
        55.77965603223055,
        37.44896999468773,
        55.77965063196136,
        37.448883571505974,
        55.779785638467146,
        37.44870112251857,
        55.780001647894835,
        37.448605096743876,
        55.7802230563244,
        37.44842264778737,
        55.780622668345764,
        37.44825940395492,
        55.781065476881075,
        37.44820178849008,
        55.78151908041589,
        37.44821139108299,
        55.782075277525685,
        37.448224183019875,
        55.782281242279694,
        37.44821924674062,
        55.7823339835512
    ],
    "marks": [
    ],
    "stops": [
        {
            "audio": {
                "curr": [
                ],
                "next": [
                    "597 прямое.mp3",
                    "Следующая остановка.mp3",
                    "Улица  Алабяна.mp3"
                ],
                "out_curr": [
                ],
                "out_curr_rep": 1
            },
            "eng_text": "",
            "geometry": [
                37.51366315,
                55.80296604
            ],
            "id": "272456",
            "name": "Метро \"Сокол\" (пос.)",
            "zones": {
                "enter": {
                },
                "exit": {
                },
                "stop": {
                }
            }
        },
        {
            "audio": {
                "curr": [
                    "Остановка.mp3",
                    "Улица  Алабяна.mp3"
                ],
                "next": [
                    "Следующая остановка.mp3",
                    "Улица  Алабяна.mp3"
                ],
                "out_curr": [
                ],
                "out_curr_rep": 1
            },
            "eng_text": "",
            "geometry": [
                37.50789427,
                55.80202738
            ],
            "id": "981",
            "name": "Ул. Алабяна",
            "zones": {
                "enter": {
                },
                "exit": {
                },
                "stop": {
                }
            }
        },
        {
            "audio": {
                "curr": [
                    "Для-удобства-оплаты-проезда.mp3",
                    "Остановка.mp3",
                    "Улица  Алабяна.mp3"
                ],
                "next": [
                    "Следующая остановка.mp3",
                    "Улица  Левитана.mp3"
                ],
                "out_curr": [
                ],
                "out_curr_rep": 1
            },
            "eng_text": "",
            "geometry": [
                37.50817902,
                55.80347413
            ],
            "id": "990",
            "name": "Ул. Алабяна",
            "zones": {
                "enter": {
                },
                "exit": {
                },
                "stop": {
                }
            }
        },
        {
            "audio": {
                "curr": [
                    "Остановка.mp3",
                    "Улица  Левитана.mp3"
                ],
                "next": [
                    "Следующая остановка.mp3",
                    "Улица  Сальвадора Альенде.mp3"
                ],
                "out_curr": [
                ],
                "out_curr_rep": 1
            },
            "eng_text": "",
            "geometry": [
                37.50422436,
                55.80005809
            ],
            "id": "1638",
            "name": "Ул. Левитана",
            "zones": {
                "enter": {
                },
                "exit": {
                },
                "stop": {
                }
            }
        },
        {
            "audio": {
                "curr": [
                    "Остановка.mp3",
                    "Улица  Сальвадора Альенде.mp3"
                ],
                "next": [
                    "Следующая остановка.mp3",
                    "Станция Зорге.mp3"
                ],
                "out_curr": [
                ],
                "out_curr_rep": 1
            },
            "eng_text": "",
            "geometry": [
                37.50413478,
                55.7951864
            ],
            "id": "1001647",
            "name": "Ул. Сальвадора Альенде",
            "zones": {
                "enter": {
                },
                "exit": {
                },
                "stop": {
                }
            }
        },
        {
            "audio": {
                "curr": [
                    "Не храните билеты.mp3",
                    "Остановка.mp3",
                    "Станция Зорге.mp3"
                ],
                "next": [
                    "Следующая остановка.mp3",
                    "мфц хорошевский.mp3"
                ],
                "out_curr": [
                ],
                "out_curr_rep": 1
            },
            "eng_text": "",
            "geometry": [
                37.50793343,
                55.78879655
            ],
            "id": "1001649",
            "name": "Ст. Зорге",
            "zones": {
                "enter": {
                },
                "exit": {
                },
                "stop": {
                }
            }
        },
        {
            "audio": {
                "curr": [
                    "Остановка.mp3",
                    "мфц хорошевский.mp3"
                ],
                "next": [
                    "Следующая остановка.mp3",
                    "Улица  Куусинена 13.mp3"
                ],
                "out_curr": [
                ],
                "out_curr_rep": 1
            },
            "eng_text": "",
            "geometry": [
                37.51245529,
                55.78674844
            ],
            "id": "1000503",
            "name": "МФЦ Хорошевский",
            "zones": {
                "enter": {
                },
                "exit": {
                },
                "stop": {
                }
            }
        },
        {
            "audio": {
                "curr": [
                    "Остановка.mp3",
                    "Улица  Куусинена 13.mp3"
                ],
                "next": [
                    "Следующая остановка.mp3",
                    "Улица  Куусинена 9.mp3"
                ],
                "out_curr": [
                ],
                "out_curr_rep": 1
            },
            "eng_text": "",
            "geometry": [
                37.51400031,
                55.7837982
            ],
            "id": "1731",
            "name": "Ул. Куусинена, 13",
            "zones": {
                "enter": {
                },
                "exit": {
                },
                "stop": {
                }
            }
        },
        {
            "audio": {
                "curr": [
                    "Во избежании травм.mp3",
                    "Остановка.mp3",
                    "Улица  Куусинена 9.mp3"
                ],
                "next": [
                    "Следующая остановка.mp3",
                    "Метро Полежаевская.mp3"
                ],
                "out_curr": [
                ],
                "out_curr_rep": 1
            },
            "eng_text": "",
            "geometry": [
                37.51575285,
                55.78038552
            ],
            "id": "1064",
            "name": "Ул. Куусинена, 9",
            "zones": {
                "enter": {
                },
                "exit": {
                },
                "stop": {
                }
            }
        },
        {
            "audio": {
                "curr": [
                    "Остановка.mp3",
                    "Метро Полежаевская.mp3"
                ],
                "next": [
                    "Следующая остановка.mp3",
                    "Улица  Зорге.mp3"
                ],
                "out_curr": [
                ],
                "out_curr_rep": 1
            },
            "eng_text": "",
            "geometry": [
                37.51713991,
                55.77777275
            ],
            "id": "878",
            "name": "Метро \"Полежаевская\"",
            "zones": {
                "enter": {
                },
                "exit": {
                },
                "stop": {
                }
            }
        },
        {
            "audio": {
                "curr": [
                    "Остановка.mp3",
                    "Улица  Зорге.mp3"
                ],
                "next": [
                    "Следующая остановка.mp3",
                    "Ст. Хорошёво.mp3"
                ],
                "out_curr": [
                ],
                "out_curr_rep": 1
            },
            "eng_text": "",
            "geometry": [
                37.51164378,
                55.77801774
            ],
            "id": "1569",
            "name": "Ул. Зорге",
            "zones": {
                "enter": {
                },
                "exit": {
                },
                "stop": {
                }
            }
        },
        {
            "audio": {
                "curr": [
                    "Остановка.mp3",
                    "Ст. Хорошёво.mp3"
                ],
                "next": [
                    "Следующая остановка.mp3",
                    "Сквер Маршала Жукова.mp3"
                ],
                "out_curr": [
                ],
                "out_curr_rep": 1
            },
            "eng_text": "",
            "geometry": [
                37.50560824,
                55.77689415
            ],
            "id": "1001332",
            "name": "Ст. Хорошёво",
            "zones": {
                "enter": {
                },
                "exit": {
                },
                "stop": {
                }
            }
        },
        {
            "audio": {
                "curr": [
                    "Wi-Fi в Автобусе.mp3",
                    "Остановка.mp3",
                    "Сквер Маршала Жукова.mp3"
                ],
                "next": [
                    "Следующая остановка.mp3",
                    "Проспект Маршала Жукова 14.mp3"
                ],
                "out_curr": [
                ],
                "out_curr_rep": 1
            },
            "eng_text": "",
            "geometry": [
                37.50181329,
                55.77626432
            ],
            "id": "1733",
            "name": "Сквер Марш. Жукова",
            "zones": {
                "enter": {
                },
                "exit": {
                },
                "stop": {
                }
            }
        },
        {
            "audio": {
                "curr": [
                    "Остановка.mp3",
                    "Проспект Маршала Жукова 14.mp3"
                ],
                "next": [
                    "Следующая остановка.mp3",
                    "Улица  Демьяна Бедного.mp3"
                ],
                "out_curr": [
                ],
                "out_curr_rep": 1
            },
            "eng_text": "",
            "geometry": [
                37.49390786,
                55.77598106
            ],
            "id": "1683",
            "name": "Просп. Марш. Жукова, 14",
            "zones": {
                "enter": {
                },
                "exit": {
                },
                "stop": {
                }
            }
        },
        {
            "audio": {
                "curr": [
                    "Не забывайте вещи.mp3",
                    "Остановка.mp3",
                    "Улица  Демьяна Бедного.mp3"
                ],
                "next": [
                    "Следующая остановка.mp3",
                    "Метро народное ополчение.mp3"
                ],
                "out_curr": [
                ],
                "out_curr_rep": 1
            },
            "eng_text": "",
            "geometry": [
                37.48909127,
                55.7757703
            ],
            "id": "879",
            "name": "Ул. Демьяна Бедного",
            "zones": {
                "enter": {
                },
                "exit": {
                },
                "stop": {
                }
            }
        },
        {
            "audio": {
                "curr": [
                    "Остановка.mp3",
                    "Метро народное ополчение.mp3"
                ],
                "next": [
                    "Следующая остановка.mp3",
                    "Метро народное ополчение.mp3"
                ],
                "out_curr": [
                ],
                "out_curr_rep": 1
            },
            "eng_text": "",
            "geometry": [
                37.48603553,
                55.77570994
            ],
            "id": "752",
            "name": "Метро \"Народное Ополчение\"",
            "zones": {
                "enter": {
                },
                "exit": {
                },
                "stop": {
                }
            }
        },
        {
            "audio": {
                "curr": [
                    "Остановка.mp3",
                    "Метро народное ополчение.mp3"
                ],
                "next": [
                    "Следующая остановка.mp3",
                    "Улица  Народного Ополчения.mp3"
                ],
                "out_curr": [
                ],
                "out_curr_rep": 1
            },
            "eng_text": "",
            "geometry": [
                37.48249154,
                55.77556186
            ],
            "id": "17040",
            "name": "Метро \"Народное Ополчение\"",
            "zones": {
                "enter": {
                },
                "exit": {
                },
                "stop": {
                }
            }
        },
        {
            "audio": {
                "curr": [
                    "Будте внимательны уступайте место.mp3",
                    "Остановка.mp3",
                    "Улица  Народного Ополчения.mp3"
                ],
                "next": [
                    "Следующая остановка.mp3",
                    "Бульвар  Генерала Карбышева.mp3"
                ],
                "out_curr": [
                ],
                "out_curr_rep": 1
            },
            "eng_text": "",
            "geometry": [
                37.47513806,
                55.77583131
            ],
            "id": "1092",
            "name": "Ул. Народного Ополчения",
            "zones": {
                "enter": {
                },
                "exit": {
                },
                "stop": {
                }
            }
        },
        {
            "audio": {
                "curr": [
                    "Остановка.mp3",
                    "Бульвар  Генерала Карбышева.mp3"
                ],
                "next": [
                    "Следующая остановка.mp3",
                    "Улица Генерала  Глаголева.mp3"
                ],
                "out_curr": [
                ],
                "out_curr_rep": 1
            },
            "eng_text": "",
            "geometry": [
                37.46707722,
                55.77714355
            ],
            "id": "1093",
            "name": "Бульв. Ген. Карбышева",
            "zones": {
                "enter": {
                },
                "exit": {
                },
                "stop": {
                }
            }
        },
        {
            "audio": {
                "curr": [
                    "Соблюдайте чистоту в салоне.mp3",
                    "Остановка.mp3",
                    "Улица Генерала  Глаголева.mp3"
                ],
                "next": [
                    "Следующая остановка.mp3",
                    "Живописная улица - Храм Живоначальной Троицы.mp3"
                ],
                "out_curr": [
                ],
                "out_curr_rep": 1
            },
            "eng_text": "",
            "geometry": [
                37.45940168,
                55.77835033
            ],
            "id": "1094",
            "name": "Ул. Ген. Глаголева",
            "zones": {
                "enter": {
                },
                "exit": {
                },
                "stop": {
                }
            }
        },
        {
            "audio": {
                "curr": [
                    "Остановка.mp3",
                    "Живописная улица - Храм Живоначальной Троицы.mp3"
                ],
                "next": [
                    "Следующая остановка.mp3",
                    "Набережная Новикова-Прибоя, 4.mp3"
                ],
                "out_curr": [
                ],
                "out_curr_rep": 1
            },
            "eng_text": "",
            "geometry": [
                37.45260926,
                55.77939303
            ],
            "id": "753",
            "name": "Живописная ул. - Храм Живоначальной Троицы",
            "zones": {
                "enter": {
                },
                "exit": {
                },
                "stop": {
                }
            }
        },
        {
            "audio": {
                "curr": [
                    "Не забывайте вещи.mp3",
                    "Остановка.mp3",
                    "Набережная Новикова-Прибоя, 4.mp3"
                ],
                "next": [
                    "Следующая остановка.mp3",
                    "Набережная Новикова-Прибоя 10.mp3"
                ],
                "out_curr": [
                ],
                "out_curr_rep": 1
            },
            "eng_text": "",
            "geometry": [
                37.44829335,
                55.78223264
            ],
            "id": "1002115",
            "name": "Набережная Новикова-Прибоя, 4",
            "zones": {
                "enter": {
                },
                "exit": {
                },
                "stop": {
                }
            }
        },
        {
            "audio": {
                "curr": [
                    "Остановка.mp3",
                    "Набережная Новикова-Прибоя 10.mp3"
                ],
                "next": [
                    "Следующая остановка.mp3",
                    "Набережная Новикова-Прибоя.mp3",
                    "Конечная.mp3"
                ],
                "out_curr": [
                ],
                "out_curr_rep": 1
            },
            "eng_text": "",
            "geometry": [
                37.44829538,
                55.78390208
            ],
            "id": "1001392",
            "name": "Набережная Новикова-Прибоя, 10",
            "zones": {
                "enter": {
                },
                "exit": {
                },
                "stop": {
                }
            }
        },
        {
            "audio": {
                "curr": [
                    "Остановка.mp3",
                    "Набережная Новикова-Прибоя.mp3",
                    "Прибыл на конечную.mp3"
                ],
                "next": [
                ],
                "out_curr": [
                ],
                "out_curr_rep": 1
            },
            "eng_text": "",
            "geometry": [
                37.44838373,
                55.78887996
            ],
            "id": "1001393",
            "name": "Набережная Новикова-Прибоя",
            "zones": {
                "enter": {
                },
                "exit": {
                },
                "stop": {
                }
            }
        }
    ]
}
